Workbook

Sheet Camaras_Depositos
A1: ID_Camara | B1: Nombre_Camara | C1: Tipo_Deposito | D1: Capacidad_Maxima_MR | E1: Temperatura_Objetivo_C | F1: Stock_Actual_MR | G1: Kilos_Totales_Actuales | H1: Porcentaje_Ocupacion | I1: Estado_Ocupacion | J1: Responsable_Sector
A2: CO1 | B2: Cámara de Oreo 1 | C2: OREO_FAENA | D2: 400 | E2: 2 | F2: =COUNTIF(Stock_Medias_Reses!E:E, A2) | G2: =SUMIF(Stock_Medias_Reses!E:E, A2, Stock_Medias_Reses!H:H) | H2: =IF(D2>0, F2/D2, 0) | I2: =IF(H2>0.95, "SATURADA", IF(H2>0.8, "ALERTA", "NORMAL")) | J2: Carlos Rossi
A3: CO2 | B3: Cámara de Oreo 2 | C3: OREO_FAENA | D3: 400 | E3: 2 | F3: =COUNTIF(Stock_Medias_Reses!E:E, A3) | G3: =SUMIF(Stock_Medias_Reses!E:E, A3, Stock_Medias_Reses!H:H) | H3: =IF(D3>0, F3/D3, 0) | I3: =IF(H3>0.95, "SATURADA", IF(H3>0.8, "ALERTA", "NORMAL")) | J3: Carlos Rossi
A4: C1 | B4: Cámara Frigorífica 1 | C4: CONSERVACION | D4: 700 | E4: 0 | F4: =COUNTIF(Stock_Medias_Reses!E:E, A4) | G4: =SUMIF(Stock_Medias_Reses!E:E, A4, Stock_Medias_Reses!H:H) | H4: =IF(D4>0, F4/D4, 0) | I4: =IF(H4>0.95, "SATURADA", IF(H4>0.8, "ALERTA", "NORMAL")) | J4: Esteban Morales
A5: C2 | B5: Cámara Frigorífica 2 | C5: CONSERVACION | D5: 700 | E5: 0 | F5: =COUNTIF(Stock_Medias_Reses!E:E, A5) | G5: =SUMIF(Stock_Medias_Reses!E:E, A5, Stock_Medias_Reses!H:H) | H5: =IF(D5>0, F5/D5, 0) | I5: =IF(H5>0.95, "SATURADA", IF(H5>0.8, "ALERTA", "NORMAL")) | J5: Esteban Morales
A6: C3 | B6: Cámara Frigorífica 3 | C6: CONSERVACION | D6: 700 | E6: 0 | F6: =COUNTIF(Stock_Medias_Reses!E:E, A6) | G6: =SUMIF(Stock_Medias_Reses!E:E, A6, Stock_Medias_Reses!H:H) | H6: =IF(D6>0, F6/D6, 0) | I6: =IF(H6>0.95, "SATURADA", IF(H6>0.8, "ALERTA", "NORMAL")) | J6: Esteban Morales
A7: C4 | B7: Cámara Frigorífica 4 | C7: CONSERVACION | D7: 700 | E7: 0 | F7: =COUNTIF(Stock_Medias_Reses!E:E, A7) | G7: =SUMIF(Stock_Medias_Reses!E:E, A7, Stock_Medias_Reses!H:H) | H7: =IF(D7>0, F7/D7, 0) | I7: =IF(H7>0.95, "SATURADA", IF(H7>0.8, "ALERTA", "NORMAL")) | J7: Esteban Morales
A8: C5 | B8: Cámara Frigorífica 5 | C8: CONSERVACION | D8: 700 | E8: 0 | F8: =COUNTIF(Stock_Medias_Reses!E:E, A8) | G8: =SUMIF(Stock_Medias_Reses!E:E, A8, Stock_Medias_Reses!H:H) | H8: =IF(D8>0, F8/D8, 0) | I8: =IF(H8>0.95, "SATURADA", IF(H8>0.8, "ALERTA", "NORMAL")) | J8: Esteban Morales
A9: C6 | B9: Cámara Frigorífica 6 | C9: CONSERVACION | D9: 700 | E9: 0 | F9: =COUNTIF(Stock_Medias_Reses!E:E, A9) | G9: =SUMIF(Stock_Medias_Reses!E:E, A9, Stock_Medias_Reses!H:H) | H9: =IF(D9>0, F9/D9, 0) | I9: =IF(H9>0.95, "SATURADA", IF(H9>0.8, "ALERTA", "NORMAL")) | J9: Esteban Morales
A10: FABRICA_DESOSTE | B10: Fábrica / Sala de Desposte | C10: PROCESO_PRODUCTIVO | D10: 0 | E10: 8 | F10: =COUNTIF(Stock_Medias_Reses!E:E, A10) | G10: =SUMIF(Stock_Medias_Reses!E:E, A10, Stock_Medias_Reses!H:H) | H10: 0 | I10: TRANSITO | J10: Miguel Fiambrero
A11: EXPEDICION_DESPACHO | B11: Plataforma de Expedición y Despacho | C11: LOGISTICA | D11: 0 | E11: 4 | F11: =COUNTIF(Stock_Medias_Reses!E:E, A11) | G11: =SUMIF(Stock_Medias_Reses!E:E, A11, Stock_Medias_Reses!H:H) | H11: 0 | I11: TRANSITO | J11: Esteban Morales

Sheet Stock_Medias_Reses
A1: ID_Media_Res | B1: Numero_Animal | C1: Lado | D1: Tropa | E1: Ubicacion_Actual | F1: Tipo_Animal | G1: Fecha_Faena | H1: Peso_Caliente_Kg | I1: Peso_Frio_Kg | J1: Merma_Oreo_Kg | K1: Merma_Oreo_Pct | L1: Estado_Sanitario | M1: Decomiso_Parcial_Motivo | N1: Decomiso_Parcial_Kilos | O1: Kilos_Netos_Aptos | P1: Estado_Ciclo | Q1: Captura_Manual | R1: Autorizado_Por | S1: Fecha_Ultimo_Movimiento
A2: MR-IZQ-00412-01 | B2: 1 | C2: IZQ | D2: TRP-2026-00412 | E2: C1 | F2: MEI | G2: 2026-09-04 | H2: 43.1 | I2: 42.2 | J2: =H2-I2 | K2: =J2/H2 | L2: APTA | N2: 0 | O2: =H2-N2 | P2: EN_CAMARA_FRIGO | Q2: NO | S2: 2026-09-04 11:30:00
A3: MR-DER-00412-01 | B3: 1 | C3: DER | D3: TRP-2026-00412 | E3: C1 | F3: MEI | G3: 2026-09-04 | H3: 42.8 | I3: 41.9 | J3: =H3-I3 | K3: =J3/H3 | L3: APTA | N3: 0 | O3: =H3-N3 | P3: EN_CAMARA_FRIGO | Q3: NO | S3: 2026-09-04 11:30:00
A4: MR-IZQ-00412-02 | B4: 2 | C4: IZQ | D4: TRP-2026-00412 | E4: CO1 | F4: MEI | G4: 2026-09-04 | H4: 44.5 | L4: DECOMISO_PARCIAL | M4: CO | N4: 3.5 | O4: =H4-N4 | P4: EN_OREO | Q4: NO | S4: 2026-09-04 10:15:00
A5: MR-DER-00412-02 | B5: 2 | C5: DER | D5: TRP-2026-00412 | E5: CO1 | F5: MEI | G5: 2026-09-04 | H5: 43.9 | L5: APTA | N5: 0 | O5: =H5-N5 | P5: EN_OREO | Q5: NO | S5: 2026-09-04 10:16:00
A6: MR-IZQ-00412-03 | B6: 3 | C6: IZQ | D6: TRP-2026-00412 | E6: CO1 | F6: CAP | G6: 2026-09-04 | H6: 41.8 | L6: DECOMISO_TOTAL | N6: 41.8 | O6: =H6-N6 | P6: DECOMISADA | Q6: NO | S6: 2026-09-04 10:20:00
A7: MR-DER-00412-03 | B7: 3 | C7: DER | D7: TRP-2026-00412 | E7: CO1 | F7: CAP | G7: 2026-09-04 | H7: 45.2 | L7: APTA | N7: 0 | O7: =H7-N7 | P7: EN_OREO | Q7: SI | R7: Administrador General (ADM-001) | S7: 2026-09-04 10:22:00
A8: MR-IZQ-00412-04 | B8: 4 | C8: IZQ | D8: TRP-2026-00412 | E8: C2 | F8: MEI | G8: 2026-09-04 | H8: 46.5 | I8: 45.5 | J8: =H8-I8 | K8: =J8/H8 | L8: APTA | N8: 0 | O8: =H8-N8 | P8: EN_CAMARA_FRIGO | Q8: NO | S8: 2026-09-04 12:00:00
A9: MR-DER-00412-04 | B9: 4 | C9: DER | D9: TRP-2026-00412 | E9: C2 | F9: MEI | G9: 2026-09-04 | H9: 45.8 | I9: 44.9 | J9: =H9-I9 | K9: =J9/H9 | L9: APTA | N9: 0 | O9: =H9-N9 | P9: EN_CAMARA_FRIGO | Q9: NO | S9: 2026-09-04 12:00:00
A10: MR-IZQ-00412-05 | B10: 5 | C10: IZQ | D10: TRP-2026-00412 | E10: FABRICA_DESOSTE | F10: CER | G10: 2026-09-04 | H10: 52.1 | I10: 50.8 | J10: =H10-I10 | K10: =J10/H10 | L10: APTA | N10: 0 | O10: =H10-N10 | P10: EN_DESOSTE | Q10: NO | S10: 2026-09-04 14:00:00
A11: MR-DER-00412-05 | B11: 5 | C11: DER | D11: TRP-2026-00412 | E11: FABRICA_DESOSTE | F11: CER | G11: 2026-09-04 | H11: 51.7 | I11: 50.5 | J11: =H11-I11 | K11: =J11/H11 | L11: APTA | N11: 0 | O11: =H11-N11 | P11: EN_DESOSTE | Q11: NO | S11: 2026-09-04 14:00:00

Sheet Movimientos_Kardex
A1: ID_Movimiento | B1: Fecha_Hora | C1: ID_Media_Res | D1: Tipo_Movimiento | E1: Camara_Origen | F1: Camara_Destino | G1: Kilos_Movidos | H1: Operario_Responsable | I1: Motivo_Observacion
A2: MOV-20260904-001 | B2: 2026-09-04 10:10:00 | C2: MR-IZQ-00412-01 | D2: 1. INGRESO_FAENA | E2: PALCO_GANCHO | F2: CO1 | G2: 43.1 | H2: Carlos Rossi | I2: Ingreso directo a oreado inicial
A3: MOV-20260904-002 | B3: 2026-09-04 10:11:00 | C3: MR-DER-00412-01 | D3: 1. INGRESO_FAENA | E3: PALCO_GANCHO | F3: CO1 | G3: 42.8 | H3: Carlos Rossi | I3: Ingreso directo a oreado inicial
A4: MOV-20260904-003 | B4: 2026-09-04 11:30:00 | C4: MR-IZQ-00412-01 | D4: 2. PASE_OREO_A_FRIGO | E4: CO1 | F4: C1 | G4: 42.2 | H4: Esteban Morales | I4: Cumplido tiempo de oreo térmico (<4°C)
A5: MOV-20260904-004 | B5: 2026-09-04 11:30:30 | C5: MR-DER-00412-01 | D5: 2. PASE_OREO_A_FRIGO | E5: CO1 | F5: C1 | G5: 41.9 | H5: Esteban Morales | I5: Cumplido tiempo de oreo térmico (<4°C)
A6: MOV-20260904-005 | B6: 2026-09-04 14:00:00 | C6: MR-IZQ-00412-05 | D6: 4. PASE_A_FABRICA | E6: C1 | F6: FABRICA_DESOSTE | G6: 50.8 | H6: Miguel Fiambrero | I6: Destinado a picado de salame y despiece
A7: MOV-20260904-006 | B7: 2026-09-04 14:00:30 | C7: MR-DER-00412-05 | D7: 4. PASE_A_FABRICA | E7: C1 | F7: FABRICA_DESOSTE | G7: 50.5 | H7: Miguel Fiambrero | I7: Destinado a picado de salame y despiece

Sheet Auditorias_Stock
A1: ID_Auditoria | B1: Fecha_Auditoria | C1: Hora_Auditoria | D1: Camara_Auditada | E1: Auditor_Nombre | F1: Stock_Teorico_MR | G1: Stock_Fisico_Contado | H1: Diferencia_MR | I1: Resultado_Auditoria | J1: Nivel_Criticidad | K1: Motivo_Desvio | L1: Accion_Correctiva | M1: Firma_Auditor
A2: AUD-20260904-01 | B2: 2026-09-04 | C2: 13:00:00 | D2: CO1 | E2: Esteban Morales | F2: =COUNTIF(Stock_Medias_Reses!E:E, D2) | G2: 3 | H2: =G2-F2 | I2: =IF(H2=0, "EXACTO", IF(H2<0, "FALTANTE", "SOBRANTE")) | J2: =IF(ABS(H2)=0, "NORMAL", IF(ABS(H2)=1, "ALERTA", "GRAVE")) | K2: Conteo coincidente con palco de faena | L2: NINGUNA | M2: Esteban Morales (SUP-001)
A3: AUD-20260904-02 | B3: 2026-09-04 | C3: 13:30:00 | D3: C1 | E3: Esteban Morales | F3: =COUNTIF(Stock_Medias_Reses!E:E, D3) | G3: 2 | H3: =G3-F3 | I3: =IF(H3=0, "EXACTO", IF(H3<0, "FALTANTE", "SOBRANTE")) | J3: =IF(ABS(H3)=0, "NORMAL", IF(ABS(H3)=1, "ALERTA", "GRAVE")) | K3: Conforme con transferencias de la mañana | L3: NINGUNA | M3: Esteban Morales (SUP-001)

Sheet Parametros_Validacion
A1: Tipo_Animal_Cod | B1: Tipo_Animal_Desc | C1: Motivo_DP_Cod | D1: Motivo_DP_Desc | E1: Tipo_Movimiento | F1: Roles_Autorizados
A2: MEI | B2: MACHO ENTERO INMUNOCASTRADO | C2: CO | D2: FRACTURA DE COLUMNA | E2: 1. INGRESO_FAENA | F2: ADMINISTRADOR
A3: CAP | B3: CAPÓN | C3: CA | D3: FRACTURA DE CADERA | E3: 2. PASE_OREO_A_FRIGO | F3: SUPERVISOR
A4: SAN | B4: SANITARIAS | C4: AB | D4: ABSCESO | E4: 3. TRANSFERENCIA_INTERNA | F4: VETERINARIO_SENASA
A5: CER | B5: CERDAS | C5: HE | D5: HEMATOMAS | E5: 4. PASE_A_FABRICA | F5: OPERARIO_FAENA
A6: CACH | B6: CACHORRAS | E6: 5. DESPACHO_REMITO | F6: MAESTRO_CHACINERO
A7: LECH | B7: LECHÓN | E7: 6. AJUSTE_AUDITORIA | F7: ENCARGADO_CAMARAS
